tar_name,filepath,hash
timeseries_png_AL,3_visualize/out/timeseries_AL.png,1047dde5ec21ea9e
timeseries_png_AZ,3_visualize/out/timeseries_AZ.png,e85426ce072ca1c8
timeseries_png_AR,3_visualize/out/timeseries_AR.png,ded3d0ded0bf69ce
timeseries_png_CA,3_visualize/out/timeseries_CA.png,51a059265a7ea9e2
timeseries_png_CO,3_visualize/out/timeseries_CO.png,357570819863c1ab
timeseries_png_CT,3_visualize/out/timeseries_CT.png,33a439ff01d8711f
timeseries_png_DE,3_visualize/out/timeseries_DE.png,b0db2dc5331e9b9c
timeseries_png_DC,3_visualize/out/timeseries_DC.png,89528e6f934460d5
timeseries_png_FL,3_visualize/out/timeseries_FL.png,a0e10559d5bb2d71
timeseries_png_GA,3_visualize/out/timeseries_GA.png,10c7fbcb39e7086a
timeseries_png_ID,3_visualize/out/timeseries_ID.png,37465fe59e534070
timeseries_png_IL,3_visualize/out/timeseries_IL.png,f4439ff68539723c
timeseries_png_IN,3_visualize/out/timeseries_IN.png,e20600c1ec0ae128
timeseries_png_IA,3_visualize/out/timeseries_IA.png,d33157b3defad5fd
timeseries_png_KS,3_visualize/out/timeseries_KS.png,bb61d1aa2d6930ac
timeseries_png_KY,3_visualize/out/timeseries_KY.png,090b1f6f3fcf3038
timeseries_png_LA,3_visualize/out/timeseries_LA.png,b344aae688a13301
timeseries_png_ME,3_visualize/out/timeseries_ME.png,6f932a7261c12843
timeseries_png_MD,3_visualize/out/timeseries_MD.png,a0ff0aa0c0447bf6
timeseries_png_MA,3_visualize/out/timeseries_MA.png,e474eeb6117ecebe
timeseries_png_MI,3_visualize/out/timeseries_MI.png,0cb067e96a8fd691
timeseries_png_MN,3_visualize/out/timeseries_MN.png,35cca92d6c004d29
timeseries_png_MS,3_visualize/out/timeseries_MS.png,daf9f38596a3a10a
timeseries_png_MO,3_visualize/out/timeseries_MO.png,7ecea8a94228d802
timeseries_png_MT,3_visualize/out/timeseries_MT.png,3ed1a4bb34a84411
timeseries_png_NE,3_visualize/out/timeseries_NE.png,a3353ba1a67fa958
timeseries_png_NV,3_visualize/out/timeseries_NV.png,bf507452c30aa859
timeseries_png_NH,3_visualize/out/timeseries_NH.png,e431392afade87f5
timeseries_png_NJ,3_visualize/out/timeseries_NJ.png,02fa637e1cabaa47
timeseries_png_NM,3_visualize/out/timeseries_NM.png,32b0242b01ad6b46
timeseries_png_NY,3_visualize/out/timeseries_NY.png,ca3067cfa18cf1f6
timeseries_png_NC,3_visualize/out/timeseries_NC.png,be668f275018c74b
timeseries_png_ND,3_visualize/out/timeseries_ND.png,5243f711a04532e2
timeseries_png_OH,3_visualize/out/timeseries_OH.png,5238f48bd05beee5
timeseries_png_OK,3_visualize/out/timeseries_OK.png,6b60f749f788f4dd
timeseries_png_OR,3_visualize/out/timeseries_OR.png,9a5d4150660d7190
timeseries_png_PA,3_visualize/out/timeseries_PA.png,9e454223cc53dc21
timeseries_png_RI,3_visualize/out/timeseries_RI.png,157591de982a6809
timeseries_png_SC,3_visualize/out/timeseries_SC.png,31355ad6cfe8ef21
timeseries_png_SD,3_visualize/out/timeseries_SD.png,3963a70745327344
timeseries_png_TN,3_visualize/out/timeseries_TN.png,3f9d7e0f511082cf
timeseries_png_TX,3_visualize/out/timeseries_TX.png,21d97ac6495b71f2
timeseries_png_UT,3_visualize/out/timeseries_UT.png,158039eb156ee624
timeseries_png_VT,3_visualize/out/timeseries_VT.png,f28b292ec4786b7f
timeseries_png_VA,3_visualize/out/timeseries_VA.png,abaf3a77b71b1a50
timeseries_png_WA,3_visualize/out/timeseries_WA.png,57d7645e5e40bf15
timeseries_png_WV,3_visualize/out/timeseries_WV.png,32feaf75d99b7896
timeseries_png_WI,3_visualize/out/timeseries_WI.png,b6de690d995bf726
timeseries_png_WY,3_visualize/out/timeseries_WY.png,ef43440ad5a8dada
timeseries_png_AK,3_visualize/out/timeseries_AK.png,ecb6dc4db394b6be
timeseries_png_HI,3_visualize/out/timeseries_HI.png,3add2c16ef8ba582
timeseries_png_GU,3_visualize/out/timeseries_GU.png,088918072f7e7c63
timeseries_png_PR,3_visualize/out/timeseries_PR.png,c7077ea0a685b3bb
